<?xml version="1.0" encoding="UTF-8"?>

<modification>
    <code><![CDATA[Delivery Date And Time]]></code>
    <name><![CDATA[Delivery Date And Time]]></name>
    <version><![CDATA[3.0.3.8]]></version>
    <author><![CDATA[Omeecron]]></author>

    <file path="catalog/controller/checkout/shipping_method.php">
        <operation>
            <search><![CDATA[$shipping = explode('.', $this->request->post['shipping_method']);]]></search>
            <add position="after"><![CDATA[
                $this->load->model('localisation/barangay');
			    $barangay = $this->model_localisation_barangay->getBarangay($this->session->data['shipping_address']['barangay_id']);

                if($this->config->get('module_deldatetime_status') == 1 && $barangay['extension_status'] == 1){
                    $admin_shipping_method = array_filter(explode(', ',$this->config->get('module_deldatetime_shipping_method')));
                    $front_shipping_method = $this->session->data['shipping_methods'];

                    $number = range(0, $this->config->get('module_deldatetime_future_datedeactive_date'));
                    $today_date = date('m/d/Y');

                    $date = array();
                    $date[] = $today_date;

                    foreach ($number as $key => $value) {
                        $date[] = date("m/d/Y", strtotime('+'.$value.' days'));
                    }

                    if(isset($this->request->post['delivery_date']) && $this->request->post['delivery_date'] != ''){
					    $delivery_date = $this->request->post['delivery_date'];
                    } elseif(isset($this->request->post['delivery_date1']) && $this->request->post['delivery_date1'] != '') {
                        $delivery_date = $this->request->post['delivery_date1'];
                    } else {
                        $delivery_date = '';
                    }

                    foreach ($admin_shipping_method as $key => $value) {
                        if ($delivery_date == '' && $value == $shipping[0]) {
                            $json['error']['warning'] = $this->config->get('module_deldatetime_multi_dateerror');
                        }

                    }

                } elseif ($this->config->get('module_deldatetime_status') == 1 && $barangay['extension_status'] == 0) {

                    $number = range(0, $this->config->get('module_deldatetime_future_datedeactive_date'));
                    $today_date = date('m/d/Y');

                    $date = array();
                    $date[] = $today_date;

                    foreach ($number as $key => $value) {
                        $date[] = date("m/d/Y", strtotime('+'.$value.' days'));
                    }

                    if(isset($this->request->post['delivery_date']) && $this->request->post['delivery_date'] != ''){
					    $delivery_date = $this->request->post['delivery_date'];
                    } elseif(isset($this->request->post['delivery_date1']) && $this->request->post['delivery_date1'] != '') {
                        $delivery_date = $this->request->post['delivery_date1'];
                    } else {
                        $delivery_date = '';
                    }

                    if ($delivery_date == '' && $shipping[0] == 'pickup') {
                        $json['error']['warning'] = $this->config->get('module_deldatetime_multi_dateerror');
                    }
                }
            ]]></add>
        </operation>

        <operation>
            <search><![CDATA[$this->session->data['comment'] = strip_tags($this->request->post['comment']);]]></search>
            <add position="before"><![CDATA[
                $this->load->model('localisation/barangay');
			    $barangay = $this->model_localisation_barangay->getBarangay($this->session->data['shipping_address']['barangay_id']);

                if($this->config->get('module_deldatetime_status') == 1 && $barangay['extension_status'] == 1){
                    $this->session->data['delivery_date'] = $delivery_date;
                // $this->session->data['delivery_time'] = $this->request->post['delivery_time'];
                } elseif ($this->config->get('module_deldatetime_status') == 1 && $barangay['extension_status'] == 0) {
                    $this->session->data['delivery_date'] = $delivery_date;
                }

            ]]></add>
        </operation>

        <operation>
            <search><![CDATA[$this->response->setOutput($this->load->view('checkout/shipping_method', $data));]]></search>
            <add position="before"><![CDATA[
                $this->load->model('localisation/barangay');
			    $barangay = $this->model_localisation_barangay->getBarangay($this->session->data['shipping_address']['barangay_id']);

                $data['module_deldatetime_status'] = $this->config->get('module_deldatetime_status');
                if($barangay['extension_status'])
                    $data['extension_status'] = $barangay['extension_status'];

                if($this->config->get('module_deldatetime_status') == 1 and $barangay['extension_status'] == 1){

                // Start === Shipping method by extension
                $admin_shipping_method = array_filter(explode(', ',$this->config->get('module_deldatetime_shipping_method')));
                $front_shipping_method = $this->session->data['shipping_methods'];
                foreach ($admin_shipping_method as $key => $value) {
                    if (array_key_exists($value ,$front_shipping_method))
                    {
                        $data['final_shipping_methods'][] = $value;
                    }
                }
                if(empty($data['final_shipping_methods'])){
                    $data['final_shipping_methods'][] = 'pickup';
                }
                // End   === Shipping method by extension

                    $data['datetext'] = $this->config->get('module_deldatetime_multi_datetext');

                    if (isset($this->session->data['delivery_date'])) {
                        $data['delivery_date'] = $this->session->data['delivery_date'];
                    } else {
                        $data['delivery_date'] = '';
                    }

                    // Disable Next days
                    $datedeactive_date = $this->config->get('module_deldatetime_future_datedeactive_date');

                    $today_date = date('m/d/Y');
                    $number = range(0, $this->config->get('module_deldatetime_future_datedeactive_date'));

                    if($this->config->get('module_deldatetime_datedeactive')){
                        $datedeactives = array_filter(explode(', ',$this->config->get('module_deldatetime_datedeactive')));
                    }

                    if($this->config->get('module_deldatetime_max_date')){
                        $max_date = date("m/d/Y", strtotime('+'.$this->config->get('module_deldatetime_max_date').' days'));
                        $data['delivery_max_date'] = $max_date;
                    }else{
                        $data['delivery_max_date'] = date("m/d/Y", strtotime('+1 days'));
                    }

                    $store_time_end   = floatval(str_replace(":", ".", date("G:i", strtotime($this->config->get('module_deldatetime_time_end')))));

                    $today_date1 = new DateTime("now", new DateTimeZone($this->config->get('config_timezone')));
                    $today_date1 = $today_date1->format('H:i');
                    $today_date_time = floatval(str_replace(":", ".", $today_date1));

                    $data['datedeactive_date'] = '';
                        $data['datedeactive_date'] .= '[';
                            end($number);
                            $last_key = key($number);
                        foreach ($number as $key => $value) {
                            $date = date("m/d/Y", strtotime('+'.$value.' days'));
                            if($store_time_end < $today_date_time ){
                                $date_plus = $value +1;
                                $date = date("m/d/Y", strtotime('+'.$date_plus.' days'));
                            }
                            if($key == 0){
                                $data['datedeactive_date'] .= 'moment("'.$today_date.'"), moment("'.$date.'"),';
                            }elseif($last_key == $key){
                                $data['datedeactive_date'] .= ' moment("'.$date.'")';
                            }else{
                                $data['datedeactive_date'] .= ' moment("'.$date.'"),';
                            }
                        }
                            if(isset($datedeactives)){
                                foreach ($datedeactives as $key => $datedeactive) {
                                    $data['datedeactive_date'] .= ', moment("'.$datedeactive.'")';
                                }
                            }
                    $data['datedeactive_date'] .= ']';

                    //Disable Week Day
                    $weeks = array_filter(explode(', ',$this->config->get('module_deldatetime_week')));
                    $pick_up_weeks = array_filter(explode(', ',$this->config->get('module_deldatetime_week')));
                    if($barangay['week']){
                        $barangay_week = array_filter(explode(', ',$barangay['week']));
                        $weeks = array_unique(array_merge($weeks, $barangay_week));
                    }

                    $data['week'] = '';
                        $data['week'] .= '[';
                            end($weeks);
                            $lastkey = key($weeks);
                        foreach ($weeks as $key => $value) {
                            if ($value == 7) {
                                $value = 0;
                            }

                            if($lastkey == $key){
                                $data['week'] .= ' '.$value;
                            }elseif($key == 0){
                                $data['week'] .= $value .',';
                            }else{
                                $data['week'] .= ' '.$value .',';
                            }
                        }
                    $data['week'] .= ']';

                    $data['pickup_week'] = '';
                        $data['pickup_week'] .= '[';
                            end($pick_up_weeks);
                            $lastkey_p = key($pick_up_weeks);
                        foreach ($pick_up_weeks as $key_p => $value_p) {
                            if ($value_p == 7) {
                                $value_p = 0;
                            }

                            if($lastkey_p == $key_p){
                                $data['pickup_week'] .= ' '.$value_p;
                            }elseif($key_p == 0){
                                $data['pickup_week'] .= $value_p .',';
                            }else{
                                $data['pickup_week'] .= ' '.$value_p .',';
                            }
                        }
                    $data['pickup_week'] .= ']';

                } elseif ($this->config->get('module_deldatetime_status') == 1 && $barangay['extension_status'] == 0) {

                    // Start === Shipping method by extension
                    if(empty($data['final_shipping_methods'])){
                        $data['final_shipping_methods'][] = 'pickup';
                    }
                    // End   === Shipping method by extension
                    $data['datetext'] = $this->config->get('module_deldatetime_multi_datetext');

                    if (isset($this->session->data['delivery_date'])) {
                        $data['delivery_date'] = $this->session->data['delivery_date'];
                    } else {
                        $data['delivery_date'] = '';
                    }

                    // Disable Next days
                    $datedeactive_date = $this->config->get('module_deldatetime_future_datedeactive_date');
                    $pick_up_weeks = array_filter(explode(', ',$this->config->get('module_deldatetime_week')));
                    $today_date = date('m/d/Y');
                    $number = range(0, $this->config->get('module_deldatetime_future_datedeactive_date'));

                    if($this->config->get('module_deldatetime_datedeactive')){
                        $datedeactives = array_filter(explode(', ',$this->config->get('module_deldatetime_datedeactive')));
                    }

                    if($this->config->get('module_deldatetime_max_date')){
                        $max_date = date("m/d/Y", strtotime('+'.$this->config->get('module_deldatetime_max_date').' days'));
                        $data['delivery_max_date'] = $max_date;
                    }else{
                        $data['delivery_max_date'] = date("m/d/Y", strtotime('+1 days'));
                    }

                    $store_time_end   = floatval(str_replace(":", ".", date("G:i", strtotime($this->config->get('module_deldatetime_time_end')))));
                    $today_date1 = new DateTime("now", new DateTimeZone($this->config->get('config_timezone')));
                    $today_date1 = $today_date1->format('H:i');
                    $today_date_time = floatval(str_replace(":", ".", $today_date1));

                    $data['datedeactive_date'] = '';
                        $data['datedeactive_date'] .= '[';
                            end($number);
                            $last_key = key($number);
                        foreach ($number as $key => $value) {
                            $date = date("m/d/Y", strtotime('+'.$value.' days'));
                            if($store_time_end < $today_date_time ){
                                $date_plus = $value +1;
                                $date = date("m/d/Y", strtotime('+'.$date_plus.' days'));
                            }
                            if($key == 0){
                                $data['datedeactive_date'] .= 'moment("'.$today_date.'"), moment("'.$date.'"),';
                            }elseif($last_key == $key){
                                $data['datedeactive_date'] .= ' moment("'.$date.'")';
                            }else{
                                $data['datedeactive_date'] .= ' moment("'.$date.'"),';
                            }
                        }
                            if(isset($datedeactives)){
                                foreach ($datedeactives as $key => $datedeactive) {
                                    $data['datedeactive_date'] .= ', moment("'.$datedeactive.'")';
                                }
                            }
                    $data['datedeactive_date'] .= ']';

                    //Disable Week Day
                    $weeks = array_filter(explode(', ',$this->config->get('module_deldatetime_week')));
                    if($barangay['week']){
                        $barangay_week = array_filter(explode(', ',$barangay['week']));
                        $weeks = array_unique(array_merge($weeks, $barangay_week));
                    }

                    $data['week'] = '';
                        $data['week'] .= '[';
                    $data['week'] .= ']';

					$data['pickup_week'] = '';
                        $data['pickup_week'] .= '[';
                            end($pick_up_weeks);
                            $lastkey_p = key($pick_up_weeks);
                        foreach ($pick_up_weeks as $key_p => $value_p) {
                            if ($value_p == 7) {
                                $value_p = 0;
                            }

                            if($lastkey_p == $key_p){
                                $data['pickup_week'] .= ' '.$value_p;
                            }elseif($key_p == 0){
                                $data['pickup_week'] .= $value_p .',';
                            }else{
                                $data['pickup_week'] .= ' '.$value_p .',';
                            }
                        }
                    $data['pickup_week'] .= ']';

                }
            ]]></add>
        </operation>
    </file>

    <file path="catalog/controller/checkout/confirm.php">
        <operation>
            <search><![CDATA[$order_data['payment_firstname'] = $this->session->data['payment_address']['firstname'];]]></search>
            <add position="before"><![CDATA[
                if(isset($this->session->data['delivery_date']) && $this->session->data['delivery_date'] != ''){
                    $order_data['delivery_date'] = $this->session->data['delivery_date'] . ' 00:00:00';
                    // $order_data['delivery_time'] = $this->session->data['delivery_time'] . ' 00:00:00';
                }else{
					$order_data['delivery_date'] = '';
				}
            ]]></add>
        </operation>
    </file>

    <file path="catalog/language/en-gb/checkout/checkout.php">
        <operation>
            <search><![CDATA[// Error]]></search>
            <add position="after"><![CDATA[

                $_['error_delivery_date']            = 'Warning: Delivery Date required!';
                // $_['error_delivery_time']            = 'Warning: Delivery Time required!';

            ]]></add>
        </operation>
    </file>

    <file path="catalog/model/checkout/order.php">
        <operation>
            <search limit="1"><![CDATA[$order_id = $this->db->getLastId();]]></search>
            <add position="after"><![CDATA[
                $config_timezone = $this->config->get('config_timezone');
				date_default_timezone_set($config_timezone);
                $date = date('d-m-y h:i:s A');
                $this->db->query("UPDATE " . DB_PREFIX . "order SET delivery_date = '" . $this->db->escape($data['delivery_date']) . "', delivery_time = '" . $this->db->escape($date) . "' WHERE order_id = '" . (int)$order_id . "'");

            ]]></add>
        </operation>

        <operation>
            <search limit="1"><![CDATA[$this->db->query("DELETE FROM " . DB_PREFIX . "order_product WHERE order_id = '" . (int)$order_id . "'");]]></search>
            <add position="before"><![CDATA[
                $config_timezone = $this->config->get('config_timezone');
				date_default_timezone_set($config_timezone);
                $date = date('d-m-y h:i:s A');
                $this->db->query("UPDATE " . DB_PREFIX . "order SET delivery_date = '" . $this->db->escape($data['delivery_date']) . "', delivery_time = '" . $this->db->escape($date) . "' WHERE order_id = '" . (int)$order_id . "'");

            ]]></add>
        </operation>
    </file>

    <file path="catalog/view/theme/default/template/checkout/shipping_method.twig">
        <operation>
            <search index="3"><![CDATA[<p>]]></search>
            <add position="replace" offset="2"><![CDATA[
                <!--<p>
                <textarea name="comment" rows="4" class="form-control">{{ comment }}</textarea>
                </p>-->
            ]]></add>
        </operation>
        <operation>
            <search><![CDATA[<p><strong>{{ text_comments }}</strong></p>]]></search>
            <add position="replace"><![CDATA[
                {# <p><strong>{{ text_comments }}</strong></p> #}
            ]]></add>
        </operation>
        <operation>
            <search index="3"><![CDATA[{% endif %}]]></search>
            <add position="before"><![CDATA[
            {% for key,shipping_method in range(1, shipping_methods) %}
                {% if module_deldatetime_status == 1 and key in final_shipping_methods %}
                    <div class="container" id="show-date" style="display: none">
                        <div class="row">
                            <div class='col-sm-4'>
                                <p><strong>{{ datetext }}</strong></p>
                            </div>
                        </div>
                        <div class="row">
                            <div class='col-sm-4'>
                                <div class="form-group">
                                    <input type="text" name="delivery_date" placeholder="{{ datetext }}" class="form-control" id='datetimepicker3' readonly="readonly" style="background-color: #fff; caret-color: transparent;"/>
                                </div>
                            </div>
                            <script type="text/javascript">
                                // var disable_dates = {{ datedeactive }};
                                var delivery_max_date = {{ delivery_max_date }};
                                var disable_week_day = {{ week }};
                                var datedeactive_date = {{ datedeactive_date }};

                                $(function () {
                                    $('#datetimepicker3').datetimepicker({
                                        useCurrent: false,
                                        pickTime: false,
                                        disabledDates: datedeactive_date,
                                        showOn: "off",
                                        daysOfWeekDisabled: disable_week_day,
                                        minDate:new Date(),
                                        maxDate: new Date('{{ delivery_max_date }}')
                                    });
                                });
                            </script>
                        </div>
                    </div>
                {% endif %}
            {% endfor %}

            <div class="container" id="show-date1" style="display: none">
                <div class="row">
                    <div class='col-sm-4'>
                        <p><strong>{{ datetext }}</strong></p>
                    </div>
                </div>
                <div class="row">
                    <div class='col-sm-4'>
                        <div class="form-group">
                            <input type="text" name="delivery_date1" placeholder="{{ datetext }}" class="form-control" id='datetimepicker4' readonly="readonly" style="background-color: #fff; caret-color: transparent;"/>
                        </div>
                    </div>
                    <script type="text/javascript">
                        // var disable_dates = {{ datedeactive }};
                        var delivery_max_date = {{ delivery_max_date }};
                        var disable_week_day = {{ pickup_week }};
                        var datedeactive_date = {{ datedeactive_date }};

                        $(function () {
                            $('#datetimepicker4').datetimepicker({
                                useCurrent: false,
                                pickTime: false,
                                disabledDates: datedeactive_date,
                                showOn: "off",
                                daysOfWeekDisabled: disable_week_day,
                                minDate:new Date(),
                                maxDate: new Date('{{ delivery_max_date }}')
                            });
                        });
                    </script>
                </div>
            </div>
            ]]></add>
        </operation>

        <operation>
            <search><![CDATA[{% for shipping_method in shipping_methods %}]]></search>
            <add position="replace"><![CDATA[
                {% for key,shipping_method in shipping_methods %}
            ]]></add>
        </operation>

        <operation>
            <search><![CDATA[<input type="radio" name="shipping_method" value="{{ quote.code }}" checked="checked" />]]></search>
            <add position="replace"><![CDATA[
                <input type="radio" name="shipping_method" id="{{ key }}" value="{{ quote.code }}" checked="checked"
                    {% if key in final_shipping_methods and key != 'pickup' %} onclick="getKey(this.id);" {% else %} onclick="byKey(this.id);" {% endif %}
                />
            ]]></add>
        </operation>

        <operation>
            <search><![CDATA[<input type="radio" name="shipping_method" value="{{ quote.code }}" />]]></search>
            <add position="replace"><![CDATA[
                <input type="radio" name="shipping_method" id="{{ key }}" value="{{ quote.code }}"
                    {% if key in final_shipping_methods and key != 'pickup' %} onclick="getKey(this.id);" {% else %} onclick="byKey(this.id);" {% endif %}
                />
            ]]></add>
        </operation>

        <operation>
            <search><![CDATA[<div class="radio">]]></search>
            <add position="replace"><![CDATA[
                <div class="radio" id="shipping-methods">
            ]]></add>
        </operation>

        <operation>
            <search><![CDATA[<div class="buttons">]]></search>
            <add position="after" offset="4"><![CDATA[
                <script type="text/javascript">
                //   $('#shipping-methods input[type="radio":checked]').each(function(){
                //     $(this).checked = false;
                //   });
                    $('#shipping-methods input[type="radio"]').each(function(){
                        $("input:radio").attr("checked", false);
                    });

                    $('#shipping-methods input[type="radio"]').on("change",function(){
                        $('#datetimepicker3').val('');
                        $('#datetimepicker4').val('');
                    });
                </script>

                <script type="text/javascript">
                    function getKey(id) {
                        $('#show-date').css("display", "block");
                        $('#show-date1').css("display", "none");
                    }

                    function byKey(id) {
                        $('#show-date').css("display", "none");
                        $('#show-date1').css("display", "none");
                        if(id == 'pickup'){
                            $('#show-date1').css("display", "block");
                        }
                    }
                    $('#datetimepicker4').change(function() {
                        $('#datetimepicker3').val($(this).val());
                    });
                    $(".today").addClass("disabled");
                </script>
            ]]></add>
        </operation>

        <operation>
            <search><![CDATA[{% if error_warning %}]]></search>
            <add position="before"><![CDATA[
                <style>
                    td.day.disabled {
                        background-color: #d1cfcf;
                    }
                </style>
            ]]></add>
        </operation>
    </file>

    <file path="catalog/view/theme/default/template/checkout/checkout.twig">
        <operation>
            <search><![CDATA[data: $('#collapse-shipping-method input[type=\'radio\']:checked, #collapse-shipping-method textarea'),]]></search>
            <add position="replace"><![CDATA[

                data: $('#collapse-shipping-method input[type=\'radio\']:checked, #collapse-shipping-method input[type=\'text\'], #collapse-shipping-method textarea, #collapse-shipping-method input[type=\'hidden\']'),

            ]]></add>
        </operation>
    </file>

    <file path="admin/model/sale/order.php">
        <operation>
            <search><![CDATA['date_added'              => $order_query->row['date_added'],]]></search>
            <add position="before"><![CDATA[

                'delivery_date'              => $order_query->row['delivery_date'],
                'delivery_time'              => $order_query->row['delivery_time'],

            ]]></add>
        </operation>

        <operation>
            <search><![CDATA[public function getOrders($data = array()) {]]></search>
            <add position="before"><![CDATA[

                public function getValidShipDate($shipDate, $numbers)
                {
                    $dayofweek = date('w', strtotime($shipDate));
                    $dayofweek = ($dayofweek == 0) ? 7 : $dayofweek;

					if($this->config->get('module_deldatetime_datedeactive') && $this->config->get('module_deldatetime_datedeactive') != ''){
                        $datedeactives = array_filter(explode(', ',$this->config->get('module_deldatetime_datedeactive')));
						foreach ($datedeactives as $key => $datedeactive) {
							$new_date = new DateTime($datedeactive);
                        	$new_dates[] = $new_date->format('Y-m-d');
						}
                    }

					if(is_array($new_dates)){
						if (in_array($shipDate,$new_dates)) {
							$stop_date1 = new DateTime($shipDate);
							$stop_date1->format('Y-m-d');
							$stop_date1->modify('+1 day');
							$shipDate = $stop_date1->format('Y-m-d');
							$this->getValidShipDate($shipDate, $numbers);
						}
					}

                    if (!in_array($dayofweek,$numbers)) {
                        return $shipDate;
                    } else {
                        $stop_date = new DateTime($shipDate);
                        $stop_date->format('Y-m-d');
                        $stop_date->modify('+1 day');
                        $shipDate = $stop_date->format('Y-m-d');
                        $this->getValidShipDate($shipDate, $numbers);
                    }

                    return $this->getValidShipDate($shipDate, $numbers);
                }

                public function getBarangay($barangay_name) {
                    $sql = $this->db->query("SELECT * FROM `" . DB_PREFIX . "barangay` WHERE `name` LIKE '%$barangay_name%' OR `code` LIKE '%$barangay_name%' ");
                    return $sql->row['week'];
                }

            ]]></add>
        </operation>
    </file>

    <file path="admin/controller/sale/order.php">
        <operation>
            <search index="1"><![CDATA[$data['payment_method'] = $order_info['payment_method'];]]></search>
            <add position="before"><![CDATA[
                $data['delivery_date'] = date('Y-m-d', strtotime($order_info['delivery_date']));

					// Start ==== disable week days in extension and barangay
					$extension_week = array_filter(explode(', ',$this->config->get('module_deldatetime_week')));
					$shipping_week = array_filter(explode(', ',$this->model_sale_order->getBarangay($order_info['shipping_barangay'])));
					$disable_days_in_week = array_unique( array_merge( $extension_week, $shipping_week));
					// end   ==== disable week days in extension and barangay

					$data['delivery_date'] = $this->model_sale_order->getValidShipDate($data['delivery_date'], $disable_days_in_week);

                if (preg_match('/1970/', $data['delivery_date'])){
                    $data['delivery_date'] = '';
                }
            ]]></add>
        </operation>

        <operation>
            <search><![CDATA[$voucher_data = array();]]></search>
            <add position="before"><![CDATA[
                if ($order_info['delivery_date']) {
					$delivery_date = date('d/m/Y', strtotime($order_info['delivery_date']));
				} else {
					$delivery_date = '';
				}

                $delivery_date = date('Y-m-d', strtotime($order_info['delivery_date']));

					// Start ==== disable week days in extension and barangay
					$extension_week = array_filter(explode(', ',$this->config->get('module_deldatetime_week')));
					$shipping_week = array_filter(explode(', ',$this->model_sale_order->getBarangay($order_info['shipping_barangay'])));
					$disable_days_in_week = array_unique( array_merge( $extension_week, $shipping_week));
					// end   ==== disable week days in extension and barangay

					$delivery_date = $this->model_sale_order->getValidShipDate($delivery_date, $disable_days_in_week);

                if (preg_match('/1970/', $delivery_date)){
                    $delivery_date = '';
                }
            ]]></add>
        </operation>

        <operation>
            <search><![CDATA['voucher'          => $voucher_data,]]></search>
            <add position="before"><![CDATA[
                
                'delivery_date'    => $delivery_date,
                // 'delivery_time'    => $delivery_time,

            ]]></add>
        </operation>
    </file>

    <file path="admin/language/en-gb/sale/order.php">
        <operation>
            <search><![CDATA[$_['text_comment']               = 'Customer Comment';]]></search>
            <add position="before"><![CDATA[
                
                $_['text_delivery_date']               = 'Customer Delivery Date';
                // $_['text_delivery_time']               = 'Customer Delivery Time';

            ]]></add>
        </operation>
    </file>

    <file path="admin/view/template/sale/order_info.twig">
        <operation>
            <search><![CDATA[{% if comment %}]]></search>
            <add position="before"><![CDATA[
                
                {% if delivery_date %}
                    <table class="table table-bordered">
                        <thead>
                        <tr>
                            <td>{{ text_delivery_date }}</td>
                        </tr>
                        </thead>
                        <tbody>
                        <tr>
                            <td>{{ delivery_date }}</td>
                        </tr>
                        </tbody>
                    </table>
                {% endif %}

            ]]></add>
        </operation>
    </file>

    <file path="admin/view/template/sale/order_invoice.twig">
        <operation>
            <search><![CDATA[{% if order.comment %}]]></search>
            <add position="before"><![CDATA[
                
                {% if order.delivery_date %}
                    <table class="table table-bordered">
                    <thead>
                        <tr>
                            <td><b>{{ text_delivery_date }}</b></td>
                        </tr>
                    </thead>
                    <tbody>
                        <tr>
                            <td>{{ order.delivery_date }}</td>
                        </tr>
                    </tbody>
                    </table>
                {% endif %}

            ]]></add>
        </operation>
    </file>

    <file path="admin/model/setting/extension.php">
        <operation>
            <search><![CDATA[public function getExtensionPathsByExtensionInstallId($extension_install_id) {]]></search>
            <add position="before"><![CDATA[

                public function getExtensions($type) {
                    $query = $this->db->query("SELECT * FROM " . DB_PREFIX . "extension WHERE `type` = '" . $this->db->escape($type) . "'");

                    return $query->rows;
                }

            ]]></add>
        </operation>
    </file>

</modification>
